student_id,attendance_percentage,study_hours_per_week,study_hours_group,assignment_average,final_marks
S001,87.1,25.5,High,80.8,88.8
S002,63.7,20.8,High,67.4,69.0
S003,61.8,21.8,High,77.7,75.8
S004,74.9,26.2,High,90.0,75.0
S005,78.3,28.8,High,89.3,82.7
S006,68.7,28.7,High,75.4,78.0
S007,92.9,6.4,Low,69.9,62.4
S008,79.4,12.3,Medium,78.9,80.0
S009,69.2,27.1,High,74.0,63.4
S010,84.9,24.4,High,89.3,93.4
S011,93.7,9.5,Medium,79.3,82.1
S012,59.2,15.8,Medium,62.8,51.1
S013,76.6,20.8,High,86.0,71.1
S014,77.7,29.9,High,90.4,85.4
S015,65.9,19.7,High,70.0,68.5
S016,84.2,13.0,Medium,79.6,71.2
S017,76.1,25.3,High,77.9,68.4
S018,80.8,14.2,Medium,80.6,68.5
S019,71.7,3.6,Low,62.2,52.3
S020,75.2,23.4,High,72.6,80.2
S021,87.0,24.7,High,85.8,83.3
S022,73.4,13.1,Medium,66.7,58.7
S023,68.2,11.4,Medium,74.5,72.0
S024,83.9,2.5,Low,62.6,59.2
S025,86.1,13.7,Medium,78.2,80.9
S026,67.0,12.7,Medium,72.8,61.5
S027,87.5,13.1,Medium,68.4,65.8
S028,58.1,24.0,High,80.1,72.7
S029,95.5,8.0,Medium,74.0,63.5
S030,57.2,25.1,High,67.9,73.0
S031,80.1,21.6,High,73.1,79.2
S032,90.7,4.9,Low,65.6,55.3
S033,77.7,4.2,Low,70.3,62.6
S034,86.7,9.1,Medium,75.1,68.4
S035,84.2,13.5,Medium,83.1,82.5
S036,92.5,11.6,Medium,71.7,62.2
S037,60.9,29.1,High,76.1,79.2
S038,65.4,19.4,High,69.4,61.1
S039,88.6,19.0,High,88.3,76.5
S040,67.2,3.8,Low,57.0,61.4
S041,80.4,15.3,Medium,72.8,73.9
S042,86.0,6.4,Low,63.0,53.9
S043,91.8,22.5,High,80.8,73.4
S044,68.8,21.0,High,79.9,67.8
S045,69.8,8.6,Medium,73.4,65.7
S046,97.3,8.8,Medium,78.2,74.7
S047,96.9,12.2,Medium,74.3,78.3
S048,97.9,16.2,Medium,79.5,68.6
S049,75.0,27.9,High,81.3,76.6
S050,80.4,8.7,Medium,63.8,61.0
S051,98.5,26.4,High,87.4,91.4
S052,92.4,18.3,High,79.7,70.6
S053,86.7,21.2,High,77.7,68.1
S054,60.1,25.2,High,82.4,74.7
S055,82.5,21.8,High,75.8,73.8
S056,75.2,26.3,High,77.0,81.2
S057,61.4,19.1,High,78.0,61.2
S058,76.8,2.1,Low,63.7,57.2
S059,98.2,15.6,Medium,88.4,87.1
S060,92.9,11.8,Medium,70.5,71.3
S061,60.1,19.5,High,66.5,64.2
S062,89.5,28.9,High,84.7,76.6
S063,73.9,29.3,High,80.4,76.8
S064,72.2,3.7,Low,63.9,53.4
S065,76.2,22.7,High,82.5,71.7
S066,84.1,17.0,Medium,82.3,66.3
S067,67.6,20.8,High,76.2,70.4
S068,78.8,19.3,High,81.8,82.4
S069,90.0,27.4,High,89.6,79.3
S070,71.6,26.1,High,85.3,81.3
S071,60.7,6.5,Low,63.9,54.4
S072,63.5,29.2,High,76.3,81.0
S073,83.0,28.7,High,91.4,80.1
S074,65.2,26.2,High,77.7,72.8
S075,88.6,18.9,High,84.6,79.8
S076,67.4,22.2,High,70.4,71.5
S077,90.8,6.0,Low,63.6,69.9
S078,63.4,16.9,Medium,67.3,55.1
S079,66.6,4.1,Low,67.1,63.8
S080,90.3,6.1,Low,68.7,56.8
S081,93.2,29.3,High,98.2,99.6
S082,82.6,15.9,Medium,70.5,58.6
S083,82.9,28.9,High,94.8,86.7
S084,78.5,26.7,High,80.4,82.0
S085,82.0,14.1,Medium,73.2,62.1
S086,61.6,10.3,Medium,72.6,69.5
S087,55.4,23.2,High,67.2,64.4
S088,96.4,27.4,High,96.8,100
S089,83.4,2.9,Low,62.6,61.8
S090,81.8,27.5,High,80.4,86.0
S091,81.0,18.6,High,72.2,66.8
S092,78.1,23.1,High,83.7,80.9
S093,87.0,11.9,Medium,72.3,78.1
S094,85.2,17.7,Medium,86.4,86.7
S095,87.4,29.4,High,87.3,93.0
S096,81.0,13.9,Medium,72.9,59.4
S097,94.9,29.3,High,89.7,96.5
S098,60.9,14.9,Medium,76.1,69.5
S099,62.1,19.8,High,65.0,66.0
S100,81.4,20.0,High,82.3,68.7
S101,94.7,23.4,High,93.2,82.3
S102,65.2,22.2,High,82.3,75.7
S103,65.9,14.4,Medium,65.4,60.4
S104,98.2,21.0,High,81.4,88.2
S105,94.5,13.3,Medium,70.7,72.8
S106,69.6,5.6,Low,70.4,59.6
S107,62.4,9.9,Medium,72.7,60.2
S108,76.2,9.0,Medium,62.2,51.5
S109,57.7,14.8,Medium,65.9,63.6
S110,92.5,26.5,High,82.8,82.8
S111,61.4,10.3,Medium,62.9,54.6
S112,93.0,13.9,Medium,73.2,73.0
S113,66.7,27.4,High,74.0,64.1
S114,57.9,10.3,Medium,68.0,51.0
S115,82.4,27.1,High,81.2,83.6
S116,87.6,29.0,High,94.5,91.7
S117,74.1,12.3,Medium,64.7,52.2
S118,84.0,9.9,Medium,66.8,63.2
S119,61.5,19.8,High,79.6,68.4
S120,56.5,6.7,Low,57.1,58.5
S121,97.5,19.0,High,82.7,71.8
S122,92.7,2.7,Low,65.8,66.9
S123,86.2,7.2,Low,78.8,74.1
S124,86.0,8.5,Medium,76.6,60.5
S125,82.1,2.6,Low,70.4,64.9
S126,80.6,12.4,Medium,77.6,61.6
S127,61.9,2.3,Low,60.5,43.8
S128,55.3,25.9,High,72.1,64.3
S129,92.4,12.4,Medium,82.7,86.4
S130,59.8,8.6,Medium,55.0,46.0
S131,81.7,29.5,High,91.9,90.8
S132,61.6,28.0,High,77.9,78.3
S133,63.8,29.3,High,79.0,70.2
S134,93.8,20.6,High,82.7,78.7
S135,88.2,12.7,Medium,76.5,71.8
S136,73.0,11.8,Medium,66.1,67.6
S137,84.6,6.9,Low,64.8,59.3
S138,81.8,16.1,Medium,78.9,77.3
S139,68.3,3.9,Low,64.6,57.8
S140,70.1,26.8,High,75.3,64.7
S141,83.3,12.8,Medium,76.8,62.9
S142,76.8,19.2,High,76.2,64.5
S143,58.6,10.7,Medium,60.7,62.6
S144,58.0,23.0,High,81.0,72.7
S145,62.5,19.1,High,79.0,68.8
S146,87.7,7.9,Low,68.2,61.7
S147,82.4,28.3,High,81.1,69.9
S148,66.5,20.1,High,77.3,71.3
S149,87.5,15.5,Medium,72.5,79.2
S150,70.2,2.2,Low,56.1,46.4
S151,87.3,10.4,Medium,68.7,69.5
S152,84.6,20.4,High,77.2,82.4
S153,83.9,15.1,Medium,83.1,70.8
S154,68.5,18.2,High,74.8,69.8
S155,59.3,23.1,High,81.9,70.4
S156,92.3,5.5,Low,65.5,64.8
S157,97.0,17.8,Medium,78.9,69.9
S158,96.2,21.7,High,93.9,83.2
S159,89.2,6.8,Low,65.7,60.9
S160,70.7,23.4,High,77.3,69.0
S161,94.8,26.2,High,88.3,91.0
S162,58.6,10.7,Medium,70.1,61.0
S163,60.1,8.2,Medium,68.8,57.3
S164,99.7,29.4,High,94.8,99.0
S165,71.0,24.2,High,72.1,69.3
S166,55.8,9.5,Medium,69.1,62.0
S167,57.1,25.5,High,81.4,82.3
S168,74.9,6.0,Low,70.3,64.5
S169,57.2,15.8,Medium,69.5,67.6
S170,83.0,10.8,Medium,66.1,54.3
S171,60.3,13.4,Medium,65.0,67.3
S172,77.6,25.1,High,85.1,83.7
S173,92.9,26.0,High,91.4,87.0
S174,93.3,9.0,Medium,71.0,60.5
S175,63.6,5.2,Low,56.4,47.5
S176,86.7,29.6,High,91.3,91.2
S177,79.1,6.1,Low,71.2,66.0
S178,75.6,25.6,High,89.1,75.4
S179,55.8,12.5,Medium,65.7,58.3
S180,68.3,9.2,Medium,65.4,51.2
S181,77.1,27.1,High,89.7,88.8
S182,63.2,13.0,Medium,61.4,51.1
S183,56.7,3.8,Low,61.5,48.0
S184,85.3,15.7,Medium,73.5,73.6
S185,77.1,7.4,Low,64.3,59.8
S186,65.7,15.5,Medium,68.3,71.8
S187,61.9,24.1,High,70.6,57.6
S188,92.5,23.3,High,84.4,89.5
S189,68.2,12.6,Medium,74.6,72.6
S190,97.7,11.5,Medium,82.1,85.3
S191,87.0,11.6,Medium,81.6,80.7
S192,57.0,15.6,Medium,74.9,71.6
S193,86.4,4.1,Low,74.1,62.2
S194,64.8,22.7,High,75.5,79.9
S195,92.7,4.3,Low,63.6,55.0
S196,58.2,9.7,Medium,61.1,45.1
S197,87.6,24.7,High,83.5,80.3
S198,81.5,29.7,High,91.5,80.1
S199,80.0,10.5,Medium,77.9,77.7
S200,75.9,28.6,High,89.0,89.5
S201,71.1,25.2,High,74.6,78.2
S202,72.1,27.5,High,81.7,72.7
S203,67.0,11.7,Medium,73.8,64.8
S204,69.9,29.1,High,87.3,72.0
S205,77.7,28.3,High,83.2,69.6
S206,80.6,22.7,High,85.5,82.6
S207,73.6,14.1,Medium,65.9,71.1
S208,99.5,5.3,Low,68.2,56.6
S209,71.5,23.1,High,76.4,67.2
S210,75.6,19.5,High,78.2,72.8
S211,73.7,14.5,Medium,74.7,64.5
S212,99.4,20.4,High,91.6,89.6
S213,99.9,2.3,Low,68.5,66.3
S214,97.0,14.4,Medium,75.7,75.7
S215,99.5,2.3,Low,64.9,65.3
S216,62.6,28.0,High,71.8,73.3
S217,68.6,18.7,High,76.6,70.1
S218,70.7,28.8,High,81.9,71.6
S219,55.4,19.5,High,65.5,61.3
S220,66.0,5.1,Low,61.9,58.1
S221,73.5,29.0,High,90.0,86.5
S222,86.3,26.8,High,85.5,90.9
S223,66.1,28.4,High,86.8,71.6
S224,55.2,18.9,High,67.6,60.5
S225,57.5,14.3,Medium,68.4,66.1
S226,81.1,21.6,High,79.6,84.4
S227,65.5,15.8,Medium,68.4,70.2
S228,72.2,5.3,Low,68.2,63.9
S229,68.1,27.9,High,73.2,66.3
S230,94.8,25.8,High,89.5,82.1
S231,57.4,22.6,High,67.1,72.4
S232,63.1,8.4,Medium,56.6,50.0
S233,76.0,24.1,High,75.6,64.5
S234,69.0,28.0,High,78.2,71.8
S235,98.0,25.4,High,88.5,90.9
S236,72.7,18.9,High,79.0,68.0
S237,57.5,22.0,High,76.0,76.1
S238,58.7,16.4,Medium,68.9,57.0
S239,74.3,18.6,High,82.6,67.2
S240,62.5,29.0,High,80.2,73.5
S241,92.6,28.9,High,88.2,95.6
S242,80.8,14.1,Medium,77.7,72.3
S243,86.1,4.5,Low,73.6,61.2
S244,68.3,19.2,High,76.0,70.9
S245,63.7,10.4,Medium,67.7,59.0
S246,59.0,9.9,Medium,63.6,58.1
S247,99.1,18.5,High,90.6,92.7
S248,61.1,2.9,Low,64.9,53.8
S249,83.9,29.7,High,80.3,78.3
S250,88.3,12.3,Medium,79.3,68.9
